{
  "invalid_key_123": {
    "blocked_until": 1743975267.0105534,
    "failures": 1,
    "last_failed": 1743974667.0105534
  }
}